{
  "hash": "4d0461b9",
  "configHash": "6e75b5cb",
  "lockfileHash": "f31e19e9",
  "browserHash": "38dcd99a",
  "optimized": {
    "@angular/common": {
      "src": "../../../../../node_modules/@angular/common/fesm2022/common.mjs",
      "file": "@angular_common.js",
      "fileHash": "cde01fff",
      "needsInterop": false
    },
    "@angular/core": {
      "src": "../../../../../node_modules/@angular/core/fesm2022/core.mjs",
      "file": "@angular_core.js",
      "fileHash": "6aa7f9ef",
      "needsInterop": false
    },
    "@angular/forms": {
      "src": "../../../../../node_modules/@angular/forms/fesm2022/forms.mjs",
      "file": "@angular_forms.js",
      "fileHash": "2f9ca7d0",
      "needsInterop": false
    },
    "@angular/platform-browser": {
      "src": "../../../../../node_modules/@angular/platform-browser/fesm2022/platform-browser.mjs",
      "file": "@angular_platform-browser.js",
      "fileHash": "5b457030",
      "needsInterop": false
    },
    "@angular/platform-browser/animations/async": {
      "src": "../../../../../node_modules/@angular/platform-browser/fesm2022/animations/async.mjs",
      "file": "@angular_platform-browser_animations_async.js",
      "fileHash": "ea60425b",
      "needsInterop": false
    },
    "@angular/router": {
      "src": "../../../../../node_modules/@angular/router/fesm2022/router.mjs",
      "file": "@angular_router.js",
      "fileHash": "ab3a5ef0",
      "needsInterop": false
    },
    "primeng/api": {
      "src": "../../../../../node_modules/primeng/fesm2022/primeng-api.mjs",
      "file": "primeng_api.js",
      "fileHash": "73b5fe34",
      "needsInterop": false
    },
    "primeng/autocomplete": {
      "src": "../../../../../node_modules/primeng/fesm2022/primeng-autocomplete.mjs",
      "file": "primeng_autocomplete.js",
      "fileHash": "7d543bcc",
      "needsInterop": false
    },
    "primeng/button": {
      "src": "../../../../../node_modules/primeng/fesm2022/primeng-button.mjs",
      "file": "primeng_button.js",
      "fileHash": "4ca3f204",
      "needsInterop": false
    },
    "primeng/dropdown": {
      "src": "../../../../../node_modules/primeng/fesm2022/primeng-dropdown.mjs",
      "file": "primeng_dropdown.js",
      "fileHash": "29b70069",
      "needsInterop": false
    },
    "primeng/inputgroup": {
      "src": "../../../../../node_modules/primeng/fesm2022/primeng-inputgroup.mjs",
      "file": "primeng_inputgroup.js",
      "fileHash": "e87775ac",
      "needsInterop": false
    },
    "primeng/inputgroupaddon": {
      "src": "../../../../../node_modules/primeng/fesm2022/primeng-inputgroupaddon.mjs",
      "file": "primeng_inputgroupaddon.js",
      "fileHash": "bd17a968",
      "needsInterop": false
    },
    "primeng/inputtext": {
      "src": "../../../../../node_modules/primeng/fesm2022/primeng-inputtext.mjs",
      "file": "primeng_inputtext.js",
      "fileHash": "8e681d16",
      "needsInterop": false
    },
    "primeng/panel": {
      "src": "../../../../../node_modules/primeng/fesm2022/primeng-panel.mjs",
      "file": "primeng_panel.js",
      "fileHash": "bbd2b058",
      "needsInterop": false
    },
    "primeng/table": {
      "src": "../../../../../node_modules/primeng/fesm2022/primeng-table.mjs",
      "file": "primeng_table.js",
      "fileHash": "f5f77e43",
      "needsInterop": false
    }
  },
  "chunks": {
    "chunk-TFCTZ7K6": {
      "file": "chunk-TFCTZ7K6.js"
    },
    "browser-RY2WITS5": {
      "file": "browser-RY2WITS5.js"
    },
    "chunk-D2CBZPU7": {
      "file": "chunk-D2CBZPU7.js"
    },
    "chunk-6LLG56QP": {
      "file": "chunk-6LLG56QP.js"
    },
    "chunk-5KS5ES2I": {
      "file": "chunk-5KS5ES2I.js"
    },
    "chunk-NEO77LMC": {
      "file": "chunk-NEO77LMC.js"
    },
    "chunk-ALA6ZWCH": {
      "file": "chunk-ALA6ZWCH.js"
    },
    "chunk-NVBGDIIZ": {
      "file": "chunk-NVBGDIIZ.js"
    },
    "chunk-V3K4RWW6": {
      "file": "chunk-V3K4RWW6.js"
    },
    "chunk-UCTLZYUH": {
      "file": "chunk-UCTLZYUH.js"
    },
    "chunk-56VQ6LQH": {
      "file": "chunk-56VQ6LQH.js"
    },
    "chunk-33UENKCN": {
      "file": "chunk-33UENKCN.js"
    },
    "chunk-6KNU2LW5": {
      "file": "chunk-6KNU2LW5.js"
    },
    "chunk-T4EO7UJD": {
      "file": "chunk-T4EO7UJD.js"
    }
  }
}